casilla,pieza,vista_por,discrepan,clase_A,conf_A,clase_B,conf_B
g8,TOWER,AB,si,BISHOP,0.408,TOWER,0.961
b7,PAWN,AB,si,TOWER,0.94,PAWN,0.955
c7,QUEEN,B,no,,,QUEEN,0.965
d7,HORSE,AB,si,TOWER,0.964,HORSE,0.966
e7,PAWN,AB,si,BISHOP,0.916,PAWN,0.946
f7,PAWN,A,no,PAWN,0.91,,
g7,PAWN,B,no,,,PAWN,0.979
a6,PAWN,B,no,,,PAWN,0.948
c6,PAWN,A,no,PAWN,0.944,,
d6,PAWN,B,no,,,PAWN,0.421
e6,PAWN,B,no,,,PAWN,0.907
f6,PAWN,AB,si,HORSE,0.973,PAWN,0.977
b5,PAWN,AB,no,PAWN,0.903,PAWN,0.977
c5,KING,AB,si,PAWN,0.769,KING,0.973
f5,PAWN,A,no,PAWN,0.299,,
g5,TOWER,B,no,,,TOWER,0.935
b4,PAWN,AB,si,HORSE,0.911,PAWN,0.968
c4,PAWN,AB,no,PAWN,0.827,PAWN,0.975
d4,BISHOP,AB,si,BISHOP,0.968,KING,0.891
e4,PAWN,AB,si,KING,0.966,PAWN,0.988
f4,QUEEN,AB,si,QUEEN,0.979,TOWER,0.974
g4,BISHOP,B,no,,,BISHOP,0.971
a3,BISHOP,B,no,,,BISHOP,0.955
b3,QUEEN,AB,si,QUEEN,0.981,PAWN,0.974
c3,PAWN,A,no,PAWN,0.981,,
d3,KING,AB,si,KING,0.955,HORSE,0.602
e3,PAWN,A,no,PAWN,0.845,,
f3,HORSE,B,no,,,HORSE,0.954
g3,BISHOP,A,no,BISHOP,0.975,,
a2,TOWER,B,no,,,TOWER,0.981
b2,PAWN,A,no,PAWN,0.937,,
c2,BISHOP,B,no,,,BISHOP,0.973
d2,QUEEN,AB,si,PAWN,0.955,QUEEN,0.971
e2,PAWN,B,no,,,PAWN,0.989
f2,TOWER,A,no,TOWER,0.93,,
g2,PAWN,AB,si,HORSE,0.961,PAWN,0.979
h2,PAWN,B,no,,,PAWN,0.986
b1,HORSE,B,no,,,HORSE,0.943
c1,PAWN,A,no,PAWN,0.968,,
e1,PAWN,A,no,PAWN,0.982,,
f1,BISHOP,A,no,BISHOP,0.968,,
g1,TOWER,A,no,TOWER,0.978,,
