imagen,torre,x_px,y_px,area_px,conf
torres.jpeg,1,1113.7,166.4,5183.0,0.9
torres.jpeg,2,377.9,183.3,4732.0,0.962
torres.jpeg,3,1361.0,818.0,11964.0,0.98
torres.jpeg,4,239.0,899.4,12948.0,0.981
torres2.jpeg,1,427.9,261.3,6328.0,0.816
torres2.jpeg,2,1233.7,271.9,5295.0,0.92
torres2.jpeg,3,661.3,407.5,7620.0,0.796
torres2.jpeg,4,907.7,478.1,6746.0,0.931
torres3.jpeg,1,865.9,195.3,7174.0,0.89
torres3.jpeg,2,599.7,277.8,7220.0,0.923
torres3.jpeg,3,441.5,479.1,9154.0,0.873
torres3.jpeg,4,1186.5,595.8,10025.0,0.969
torres4.jpeg,1,613.4,135.0,5988.0,0.877
torres4.jpeg,2,459.6,215.9,8372.0,0.873
torres4.jpeg,3,860.3,230.6,8190.0,0.943
torres4.jpeg,4,1202.5,542.2,11123.0,0.944
