epoch,time,train/box_loss,train/seg_loss,train/cls_loss,train/l1_loss,train/sem_loss,metrics/precision(B),metrics/recall(B),metrics/mAP50(B),metrics/mAP50-95(B),metrics/precision(M),metrics/recall(M),metrics/mAP50(M),metrics/mAP50-95(M),val/box_loss,val/seg_loss,val/cls_loss,val/l1_loss,val/sem_loss,lr/pg0,lr/pg1,lr/pg2
1,13.0915,0.96893,1.76223,4.36941,0.00296,9.78738,0.08966,0.28944,0.03552,0.01991,0.0734,0.27408,0.03196,0.01782,0.6366,1.41157,4.25648,0.00232,0,0.000277778,0.000277778,0.000277778
2,16.6706,0.95559,1.74201,4.34845,0.00306,9.76848,0.08365,0.2779,0.03334,0.02125,0.07184,0.25519,0.02505,0.01678,0.64818,1.40663,4.21509,0.00234,0,0.000609094,0.000609094,0.000609094
3,20.3586,2.50899,4.30269,4.48373,0.00906,8.92677,0.00018,0.0052,2e-05,0,0.00015,0.0039,2e-05,0,3.29233,4.68624,10.9729,0.01379,0,0.000938211,0.000938211,0.000938211
4,24.2583,1.90166,3.6612,3.9051,0.00653,7.14764,0.18557,0.04297,0.01374,0.00388,0.17965,0.02734,0.00582,0.00135,1.80109,5.9316,33.1916,0.00718,0,0.0009901,0.0009901,0.0009901
5,28.1204,1.40908,2.87472,3.35055,0.00483,5.63065,0,0,0,0,0,0,0,0,nan,nan,nan,nan,0,0.0009868,0.0009868,0.0009868
6,31.9788,1.26645,2.01054,2.82874,0.00416,4.62878,0,0,0,0,0,0,0,0,nan,nan,nan,nan,0,0.0009835,0.0009835,0.0009835
7,35.8593,1.17563,1.49065,2.41767,0.00384,4.02881,0,0,0,0,0,0,0,0,nan,nan,nan,nan,0,0.0009802,0.0009802,0.0009802
8,39.7145,1.07307,1.24965,2.12753,0.00342,3.66942,0.20833,0.00845,0.00662,0.00419,0.16667,0.00715,0.00475,0.00127,nan,nan,nan,nan,0,0.0009769,0.0009769,0.0009769
9,43.7373,0.91761,1.1909,1.87561,0.00305,3.40549,0.05622,0.11698,0.02605,0.01286,0.031,0.06705,0.0079,0.0011,nan,nan,nan,nan,0,0.0009736,0.0009736,0.0009736
10,47.7042,0.91194,1.06868,1.64826,0.00287,3.20776,0.31049,0.39339,0.37454,0.27521,0.29543,0.37528,0.3344,0.16351,nan,nan,nan,nan,0,0.0009703,0.0009703,0.0009703
11,52.203,0.96547,0.94767,1.61157,0.00325,3.0459,0.36737,0.44564,0.44362,0.26983,0.34461,0.42694,0.39877,0.26434,1.27795,1.37354,1.80404,0.00539,0,0.000967,0.000967,0.000967
12,56.7245,0.80201,0.91564,1.38617,0.00252,2.81481,0.4,0.55883,0.52742,0.3818,0.41219,0.54969,0.52306,0.37383,1.07173,0.91362,1.43303,0.00447,0,0.0009637,0.0009637,0.0009637
13,61.1567,0.81316,0.85995,1.29836,0.00254,2.60537,0.38862,0.61203,0.52014,0.40586,0.37087,0.59282,0.48277,0.32478,0.88561,1.22286,1.6195,0.00338,0,0.0009604,0.0009604,0.0009604
14,65.0967,0.76168,0.75769,1.13486,0.00241,2.30644,0.5085,0.66029,0.61521,0.47234,0.49963,0.64033,0.59387,0.45836,0.94764,0.92496,1.28358,0.00372,0,0.0009571,0.0009571,0.0009571
15,69.4082,0.72713,0.73566,1.0071,0.00233,2.04129,0.55874,0.65352,0.6909,0.57338,0.55543,0.59786,0.63137,0.41068,0.73995,nan,nan,0.00295,0,0.0009538,0.0009538,0.0009538
16,74.3371,0.67586,0.70373,0.92702,0.00205,1.88653,0.55915,0.71733,0.71247,0.54903,0.53832,0.68422,0.6747,0.48224,0.91199,1.5126,1.05366,0.00362,0,0.0009505,0.0009505,0.0009505
17,79.0253,0.67813,0.71662,0.92908,0.00216,1.55312,0.60764,0.72664,0.71092,0.58388,0.59598,0.70531,0.69062,0.53691,0.75158,1.07227,0.90361,0.00275,0,0.0009472,0.0009472,0.0009472
18,84.2488,0.72897,0.692,0.89832,0.00225,1.42734,0.60593,0.6531,0.65715,0.50232,0.57111,0.60254,0.6063,0.37991,0.93209,1.96322,1.25084,0.00372,0,0.0009439,0.0009439,0.0009439
19,88.3506,0.6569,0.65508,0.80199,0.00202,1.29063,0.74843,0.77229,0.81575,0.66253,0.74843,0.77229,0.81602,0.67035,0.75062,0.71531,0.77343,0.00299,0,0.0009406,0.0009406,0.0009406
20,92.8604,0.64844,0.60196,0.72204,0.00215,1.24845,0.74667,0.78735,0.82082,0.67446,0.73394,0.80471,0.82036,0.65976,0.75794,0.63943,0.70914,0.0031,0,0.0009373,0.0009373,0.0009373
21,97.3247,0.69386,0.60592,0.78261,0.00232,1.13694,0.65624,0.76897,0.79969,0.63637,0.65853,0.77135,0.80107,0.67724,0.82494,0.62345,0.93577,0.00318,0,0.000934,0.000934,0.000934
22,101.268,0.63867,0.63047,0.71191,0.002,1.06972,0.74661,0.82217,0.86004,0.74906,0.74794,0.82455,0.8615,0.73305,0.58215,0.54688,0.75149,0.00214,0,0.0009307,0.0009307,0.0009307
23,105.546,0.60148,0.59473,0.62873,0.00194,0.93383,0.84561,0.87958,0.93408,0.76231,0.84561,0.87958,0.93476,0.815,0.76431,0.51257,0.5295,0.0031,0,0.0009274,0.0009274,0.0009274
24,110.649,0.61415,0.61677,0.60125,0.00195,0.93618,0.84503,0.83679,0.91275,0.80103,0.84503,0.83679,0.91307,0.78403,0.54179,0.51483,0.57148,0.00198,0,0.0009241,0.0009241,0.0009241
25,115.465,0.64722,0.57017,0.56017,0.0022,0.76915,0.87454,0.89503,0.96116,0.81705,0.87454,0.89503,0.96134,0.83836,0.67597,0.48417,0.45992,0.00257,0,0.0009208,0.0009208,0.0009208
26,119.89,0.64015,0.57796,0.56297,0.00205,0.72585,0.87695,0.88332,0.95211,0.78585,0.87695,0.88332,0.95245,0.82264,0.72379,0.46685,0.46312,0.00303,0,0.0009175,0.0009175,0.0009175
27,123.848,0.54173,0.57288,0.50498,0.00159,0.64647,0.90414,0.91966,0.96961,0.85415,0.90414,0.91966,0.97004,0.85044,0.53664,0.45609,0.38047,0.00214,0,0.0009142,0.0009142,0.0009142
28,128.362,0.64305,0.56974,0.5062,0.0021,0.64371,0.90307,0.91103,0.97154,0.85073,0.90159,0.90952,0.97203,0.81721,0.57146,0.44469,0.38171,0.0022,0,0.0009109,0.0009109,0.0009109
29,132.288,0.7386,0.58593,0.54312,0.00259,0.66243,0.93329,0.92798,0.97981,0.73992,0.93329,0.92798,0.9799,0.86938,0.92341,0.43587,0.41485,0.00395,0,0.0009076,0.0009076,0.0009076
30,136.203,0.74255,0.56302,0.51365,0.00259,0.65445,0.93143,0.93809,0.98056,0.85057,0.93143,0.93809,0.98056,0.82289,0.5855,0.43152,0.33287,0.00228,0,0.0009043,0.0009043,0.0009043
31,140.116,0.71825,0.54793,0.47993,0.00222,0.5471,0.89956,0.90109,0.96636,0.81184,0.89956,0.90109,0.96636,0.84425,0.6674,0.43212,0.38845,0.00253,0,0.000901,0.000901,0.000901
32,144.16,0.60791,0.54397,0.48569,0.00177,0.58807,0.92636,0.93555,0.97663,0.87831,0.92636,0.93555,0.97663,0.82501,0.46382,0.43942,0.31122,0.00167,0,0.0008977,0.0008977,0.0008977
33,148.105,0.56934,0.54193,0.43902,0.00165,0.50816,0.92058,0.90795,0.96788,0.84936,0.92058,0.90795,0.96788,0.85343,0.57879,0.4303,0.35989,0.00222,0,0.0008944,0.0008944,0.0008944
34,152.018,0.56975,0.52945,0.45387,0.00169,0.53574,0.91199,0.91573,0.97232,0.89286,0.91199,0.91573,0.97232,0.82318,0.4176,0.43086,0.33835,0.00156,0,0.0008911,0.0008911,0.0008911
35,156.507,0.57539,0.50846,0.45212,0.00196,0.5032,0.93796,0.93702,0.98031,0.87672,0.93796,0.93702,0.98031,0.87525,0.5028,0.41694,0.30537,0.00192,0,0.0008878,0.0008878,0.0008878
36,160.889,0.5518,0.51336,0.42604,0.00175,0.52846,0.92708,0.94024,0.98205,0.88278,0.92708,0.94024,0.98205,0.84082,0.48414,0.40775,0.28723,0.00177,0,0.0008845,0.0008845,0.0008845
37,165.283,0.52247,0.52794,0.43487,0.00164,0.50763,0.95439,0.94987,0.98214,0.87931,0.95718,0.95214,0.98375,0.86651,0.48154,0.40477,0.26876,0.00182,0,0.0008812,0.0008812,0.0008812
38,169.206,0.52429,0.52305,0.40681,0.00159,0.49773,0.95022,0.95132,0.98519,0.90431,0.95022,0.95132,0.98519,0.85548,0.41981,0.4102,0.25654,0.00154,0,0.0008779,0.0008779,0.0008779
39,173.582,0.5018,0.50594,0.40147,0.00156,0.4704,0.95487,0.94804,0.98356,0.90901,0.95487,0.94804,0.98471,0.85485,0.39633,0.39624,0.24579,0.00148,0,0.0008746,0.0008746,0.0008746
40,178.038,0.52596,0.49863,0.42204,0.00158,0.51194,0.93072,0.93549,0.97624,0.89041,0.93072,0.93549,0.97702,0.82089,0.44688,0.39027,0.31263,0.00156,0,0.0008713,0.0008713,0.0008713
41,182.678,0.49651,0.49067,0.40136,0.00157,0.48863,0.92899,0.91878,0.97261,0.8717,0.92899,0.91878,0.97269,0.86177,0.47043,0.39828,0.31342,0.00176,0,0.000868,0.000868,0.000868
42,186.599,0.50408,0.51351,0.4006,0.00148,0.48927,0.90857,0.90597,0.94805,0.86859,0.90857,0.90597,0.94902,0.80957,0.42404,0.4055,0.35967,0.00154,0,0.0008647,0.0008647,0.0008647
43,190.515,0.51005,0.50456,0.41038,0.00166,0.5298,0.94424,0.92708,0.98137,0.9189,0.94424,0.92708,0.98236,0.84853,0.36781,0.38523,0.26865,0.00134,0,0.0008614,0.0008614,0.0008614
44,194.911,0.49582,0.50735,0.39864,0.0015,0.49258,0.93296,0.92747,0.97375,0.90764,0.93296,0.92747,0.97469,0.84823,0.37795,0.405,0.27173,0.00136,0,0.0008581,0.0008581,0.0008581
45,199.289,0.50203,0.49313,0.39835,0.00151,0.43154,0.93874,0.92558,0.97726,0.86923,0.94117,0.92796,0.97772,0.85697,0.52373,0.40614,0.33199,0.00194,0,0.0008548,0.0008548,0.0008548
46,203.221,0.49215,0.49005,0.38472,0.00158,0.39922,0.94571,0.94525,0.98017,0.90154,0.94571,0.94525,0.98011,0.85732,0.4155,0.39854,0.26368,0.00156,0,0.0008515,0.0008515,0.0008515
47,207.129,0.47805,0.51933,0.39557,0.00144,0.40561,0.93814,0.93386,0.97585,0.91299,0.93814,0.93386,0.97585,0.85496,0.37548,0.40516,0.27943,0.00137,0,0.0008482,0.0008482,0.0008482
48,211.742,0.46326,0.4993,0.36372,0.00134,0.41994,0.94291,0.91348,0.97903,0.89897,0.94291,0.91348,0.97903,0.85083,0.42393,0.40624,0.28356,0.00154,0,0.0008449,0.0008449,0.0008449
49,215.65,0.47764,0.48991,0.38249,0.00144,0.47131,0.93718,0.88621,0.96896,0.91142,0.93718,0.88621,0.96896,0.82267,0.35538,0.4154,0.3114,0.00127,0,0.0008416,0.0008416,0.0008416
50,219.654,0.45058,0.4774,0.35048,0.00144,0.40469,0.9488,0.93799,0.98342,0.92374,0.9488,0.93799,0.98342,0.8391,0.3605,0.4311,0.24169,0.0013,0,0.0008383,0.0008383,0.0008383
51,223.556,0.47394,0.51361,0.36082,0.0013,0.43931,0.96203,0.95822,0.98538,0.91741,0.96203,0.95822,0.98538,0.85034,0.38536,0.41819,0.22459,0.0014,0,0.000835,0.000835,0.000835
52,227.463,0.46984,0.4907,0.38356,0.0015,0.42842,0.937,0.90921,0.97789,0.89864,0.93551,0.90769,0.9776,0.84957,0.41519,0.39781,0.31481,0.00155,0,0.0008317,0.0008317,0.0008317
53,231.384,0.45994,0.48442,0.32898,0.00127,0.35065,0.95272,0.94386,0.98377,0.9244,0.95272,0.94386,0.98377,0.83458,0.36157,0.39763,0.23459,0.00129,0,0.0008284,0.0008284,0.0008284
54,235.294,0.43777,0.46742,0.33427,0.00128,0.38243,0.95327,0.94314,0.98354,0.92373,0.95327,0.94314,0.98334,0.86668,0.35874,0.4039,0.23499,0.00127,0,0.0008251,0.0008251,0.0008251
55,239.723,0.46532,0.4784,0.35469,0.00142,0.41313,0.93588,0.94712,0.98125,0.90573,0.93588,0.94712,0.98125,0.84193,0.41165,0.38376,0.28559,0.00152,0,0.0008218,0.0008218,0.0008218
56,243.643,0.47936,0.48551,0.37935,0.00145,0.41192,0.94816,0.95039,0.98314,0.89353,0.94816,0.95039,0.98314,0.86587,0.44843,0.38626,0.26937,0.0017,0,0.0008185,0.0008185,0.0008185
57,247.645,0.52215,0.48051,0.35052,0.00167,0.3474,0.95069,0.96085,0.98619,0.90835,0.95069,0.96085,0.98619,0.8621,0.4089,0.39608,0.22961,0.00155,0,0.0008152,0.0008152,0.0008152
58,251.6,0.48165,0.47723,0.32876,0.00147,0.38524,0.97106,0.95032,0.98716,0.90887,0.97106,0.95032,0.98716,0.86239,0.41743,0.38123,0.22972,0.0016,0,0.0008119,0.0008119,0.0008119
59,255.585,0.4478,0.46118,0.32973,0.0014,0.35207,0.9758,0.95719,0.98946,0.93573,0.9758,0.95719,0.98946,0.85978,0.35385,0.41201,0.1972,0.00121,0,0.0008086,0.0008086,0.0008086
60,260.478,0.47404,0.5017,0.35363,0.00153,0.39211,0.96514,0.94599,0.98788,0.9026,0.96514,0.94599,0.98788,0.8863,0.44423,0.37972,0.23236,0.00165,0,0.0008053,0.0008053,0.0008053
61,264.421,0.4693,0.50275,0.31137,0.00149,0.28462,0.97584,0.95281,0.98832,0.92265,0.97584,0.95281,0.98832,0.84837,0.36763,0.36666,0.20606,0.00135,0,0.000802,0.000802,0.000802
62,268.369,0.4734,0.47316,0.3191,0.00143,0.30637,0.9767,0.96058,0.98822,0.93896,0.9767,0.96058,0.98822,0.87624,0.3362,0.36692,0.18961,0.00118,0,0.0007987,0.0007987,0.0007987
63,272.773,0.45871,0.49027,0.3206,0.00136,0.31488,0.97162,0.95852,0.98921,0.92274,0.97162,0.95852,0.98921,0.8746,0.37808,0.38706,0.19769,0.00134,0,0.0007954,0.0007954,0.0007954
64,276.811,0.47257,0.4678,0.33131,0.00133,0.33514,0.98163,0.97291,0.98976,0.93244,0.98163,0.97291,0.98976,0.86081,0.35688,0.38271,0.18966,0.00128,0,0.0007921,0.0007921,0.0007921
65,280.747,0.43127,0.4553,0.28549,0.00128,0.29272,0.96292,0.98088,0.98867,0.94228,0.96292,0.98088,0.98867,0.87416,0.33585,0.3799,0.17823,0.00115,0,0.0007888,0.0007888,0.0007888
66,285.159,0.4216,0.45616,0.30834,0.00124,0.34073,0.95695,0.98001,0.9884,0.92219,0.95695,0.98001,0.9884,0.87022,0.37163,0.36948,0.19184,0.00137,0,0.0007855,0.0007855,0.0007855
67,289.23,0.41336,0.46514,0.30239,0.00121,0.31149,0.97619,0.97145,0.98994,0.92573,0.97619,0.97145,0.98994,0.88203,0.36741,0.35392,0.17471,0.00137,0,0.0007822,0.0007822,0.0007822
68,293.138,0.40558,0.44762,0.27499,0.00116,0.27718,0.98098,0.96933,0.99077,0.93378,0.98098,0.96933,0.99077,0.86434,0.35592,0.37194,0.17452,0.00124,0,0.0007789,0.0007789,0.0007789
69,297.067,0.44814,0.46994,0.29815,0.00129,0.31243,0.97622,0.97155,0.99068,0.93386,0.97622,0.97155,0.99068,0.88269,0.34997,0.36716,0.17596,0.00128,0,0.0007756,0.0007756,0.0007756
70,301.571,0.43598,0.47199,0.29696,0.00115,0.339,0.98262,0.96822,0.99152,0.9611,0.98262,0.96822,0.99152,0.85823,0.29153,0.36161,0.16119,0.001,0,0.0007723,0.0007723,0.0007723
71,305.963,0.4263,0.4727,0.28915,0.00123,0.26265,0.96173,0.97066,0.99004,0.92556,0.96173,0.97066,0.99004,0.86754,0.37796,0.35555,0.19249,0.00145,0,0.000769,0.000769,0.000769
72,309.927,0.43572,0.44376,0.30471,0.00132,0.31448,0.96425,0.97191,0.99088,0.95693,0.96425,0.97191,0.99088,0.87071,0.29912,0.37121,0.16296,0.00103,0,0.0007657,0.0007657,0.0007657
73,314.33,0.42195,0.43871,0.28576,0.00122,0.3063,0.96276,0.98121,0.99179,0.95514,0.96276,0.98121,0.99179,0.87534,0.30529,0.36027,0.15729,0.00109,0,0.0007624,0.0007624,0.0007624
74,319.996,0.41839,0.45104,0.29533,0.00126,0.29998,0.96502,0.97087,0.99091,0.92599,0.96502,0.97087,0.99091,0.87796,0.37908,0.35143,0.19264,0.00134,0,0.0007591,0.0007591,0.0007591
75,323.95,0.42161,0.44549,0.29034,0.00122,0.30658,0.97171,0.96636,0.99073,0.93895,0.97171,0.96636,0.99073,0.87376,0.35337,0.35731,0.18476,0.00128,0,0.0007558,0.0007558,0.0007558
76,327.895,0.41606,0.44561,0.28714,0.00124,0.30355,0.96107,0.9821,0.99277,0.92704,0.96107,0.9821,0.99277,0.8936,0.38277,0.35305,0.18067,0.00136,0,0.0007525,0.0007525,0.0007525
77,331.817,0.47761,0.47983,0.30317,0.00138,0.29066,0.96782,0.98173,0.9928,0.91123,0.96782,0.98173,0.9928,0.84529,0.41577,0.36127,0.18905,0.00148,0,0.0007492,0.0007492,0.0007492
78,335.739,0.46328,0.41623,0.29702,0.00138,0.28313,0.96433,0.9523,0.98963,0.94302,0.96433,0.9523,0.98963,0.86987,0.31386,0.37173,0.20143,0.00111,0,0.0007459,0.0007459,0.0007459
79,339.659,0.46744,0.45722,0.29811,0.0013,0.27337,0.94976,0.95415,0.98818,0.92364,0.94976,0.95415,0.98818,0.87985,0.37365,0.37776,0.2177,0.00131,0,0.0007426,0.0007426,0.0007426
80,344.123,0.4535,0.44361,0.2854,0.00139,0.3237,0.96009,0.95657,0.98837,0.92159,0.96009,0.95657,0.98837,0.84777,0.37898,0.37999,0.20122,0.00135,0,0.0007393,0.0007393,0.0007393
81,348.079,0.45641,0.45031,0.29238,0.00142,0.29066,0.98349,0.94873,0.98904,0.94402,0.98349,0.94873,0.98904,0.87557,0.32961,0.37233,0.18584,0.00116,0,0.000736,0.000736,0.000736
82,352.01,0.41781,0.41849,0.27807,0.00118,0.27124,0.9674,0.94158,0.98477,0.93291,0.9674,0.94158,0.98477,0.84211,0.34475,0.38282,0.20919,0.00119,0,0.0007327,0.0007327,0.0007327
83,356.124,0.37903,0.42426,0.24869,0.001,0.29839,0.94644,0.95036,0.9863,0.96093,0.94644,0.95036,0.9863,0.86543,0.27282,0.38396,0.22111,0.00094,0,0.0007294,0.0007294,0.0007294
84,360.033,0.38,0.39291,0.28453,0.00118,0.30608,0.92982,0.89079,0.96776,0.92124,0.92982,0.89079,0.96776,0.84344,0.32333,0.37981,0.33273,0.00118,0,0.0007261,0.0007261,0.0007261
85,363.944,0.4327,0.43877,0.29522,0.00134,0.33051,0.94682,0.94624,0.98425,0.94217,0.94682,0.94624,0.98425,0.84931,0.32172,0.38479,0.23513,0.00116,0,0.0007228,0.0007228,0.0007228
86,368.057,0.44109,0.45835,0.30583,0.00127,0.31502,0.95286,0.95253,0.98292,0.94409,0.95286,0.95253,0.98292,0.86522,0.31713,0.3933,0.23229,0.00111,0,0.0007195,0.0007195,0.0007195
87,371.983,0.39884,0.45762,0.29407,0.00116,0.29096,0.93902,0.96131,0.98617,0.96143,0.93902,0.96131,0.98617,0.86457,0.27782,0.36474,0.20687,0.00096,0,0.0007162,0.0007162,0.0007162
88,376.063,0.39304,0.43426,0.27357,0.00115,0.25857,0.95886,0.95118,0.98941,0.94075,0.95886,0.95118,0.98941,0.84662,0.33934,0.35515,0.21317,0.00115,0,0.0007129,0.0007129,0.0007129
89,380.006,0.40404,0.42488,0.2763,0.00121,0.2589,0.98826,0.94454,0.99162,0.95022,0.98826,0.94454,0.99162,0.88096,0.31593,0.36847,0.16678,0.00112,0,0.0007096,0.0007096,0.0007096
90,384.448,0.42834,0.43771,0.28321,0.00116,0.25076,0.98689,0.95929,0.99277,0.94757,0.98689,0.95929,0.99277,0.86529,0.33425,0.3737,0.15947,0.00113,0,0.0007063,0.0007063,0.0007063
91,388.384,0.40924,0.42385,0.28283,0.00123,0.28345,0.97886,0.96384,0.99292,0.94983,0.97886,0.96384,0.99292,0.87236,0.32661,0.3764,0.16722,0.00122,0,0.000703,0.000703,0.000703
92,392.304,0.3821,0.42084,0.27267,0.00112,0.27286,0.96884,0.97069,0.99254,0.93289,0.96884,0.97069,0.99254,0.87752,0.35707,0.38347,0.17698,0.00125,0,0.0006997,0.0006997,0.0006997
93,396.252,0.3895,0.448,0.26771,0.00109,0.28216,0.97645,0.98337,0.99296,0.96041,0.97645,0.98337,0.99296,0.8609,0.30632,0.35294,0.149,0.00111,0,0.0006964,0.0006964,0.0006964
94,400.299,0.44407,0.4403,0.27536,0.00131,0.24515,0.98628,0.97369,0.99286,0.90401,0.98628,0.97369,0.99286,0.88701,0.45702,0.36188,0.17997,0.00168,0,0.0006931,0.0006931,0.0006931
95,404.445,0.42602,0.4107,0.27837,0.00124,0.26338,0.96863,0.9836,0.99263,0.95311,0.96863,0.9836,0.99263,0.85581,0.32272,0.35671,0.1573,0.00112,0,0.0006898,0.0006898,0.0006898
96,408.411,0.46029,0.40985,0.28112,0.0014,0.24994,0.9666,0.97678,0.99228,0.95239,0.9666,0.97678,0.99228,0.88062,0.31721,0.36195,0.16321,0.0011,0,0.0006865,0.0006865,0.0006865
97,412.845,0.422,0.41507,0.25975,0.00115,0.25765,0.98099,0.96505,0.99196,0.92085,0.98099,0.96505,0.99196,0.86871,0.38624,0.35358,0.17688,0.00133,0,0.0006832,0.0006832,0.0006832
98,416.788,0.42412,0.40535,0.25891,0.00122,0.25444,0.98074,0.97665,0.99328,0.95969,0.98074,0.97665,0.99328,0.87923,0.29292,0.3472,0.14056,0.00102,0,0.0006799,0.0006799,0.0006799
99,421.313,0.42509,0.42606,0.27233,0.00124,0.24333,0.98291,0.97109,0.99267,0.95911,0.98291,0.97109,0.99267,0.87559,0.29838,0.34399,0.14735,0.001,0,0.0006766,0.0006766,0.0006766
100,425.265,0.37316,0.41495,0.23996,0.00106,0.21782,0.97195,0.98084,0.99314,0.96281,0.97195,0.98084,0.99314,0.86998,0.29109,0.34868,0.1453,0.00101,0,0.0006733,0.0006733,0.0006733
101,429.226,0.41501,0.45211,0.25927,0.00107,0.24975,0.97826,0.98015,0.99363,0.96881,0.97826,0.98015,0.99363,0.87286,0.2715,0.34251,0.13304,0.00094,0,0.00067,0.00067,0.00067
102,434.119,0.4207,0.42123,0.24181,0.00119,0.24375,0.97483,0.97664,0.99277,0.94572,0.97483,0.97664,0.99277,0.87487,0.34306,0.3473,0.15793,0.00118,0,0.0006667,0.0006667,0.0006667
103,438.044,0.41918,0.40605,0.24523,0.00123,0.24231,0.98552,0.96328,0.99245,0.95726,0.98552,0.96328,0.99245,0.86764,0.3037,0.34763,0.14923,0.00103,0,0.0006634,0.0006634,0.0006634
104,442.015,0.4009,0.4212,0.25975,0.00113,0.26454,0.98758,0.9757,0.99335,0.97073,0.98758,0.9757,0.99335,0.8681,0.27014,0.34012,0.13064,0.00093,0,0.0006601,0.0006601,0.0006601
105,445.946,0.39627,0.42632,0.24663,0.0011,0.22632,0.98563,0.9735,0.99253,0.9541,0.98563,0.9735,0.99253,0.87251,0.30808,0.33949,0.14596,0.00106,0,0.0006568,0.0006568,0.0006568
106,449.892,0.38867,0.41693,0.26182,0.00111,0.28449,0.97574,0.96277,0.99134,0.95766,0.97574,0.96277,0.99134,0.8781,0.29835,0.33475,0.15568,0.00102,0,0.0006535,0.0006535,0.0006535
107,453.888,0.42537,0.44115,0.25401,0.00123,0.23864,0.97818,0.97045,0.98849,0.95017,0.97818,0.97045,0.98849,0.87307,0.30753,0.36125,0.15699,0.0011,0,0.0006502,0.0006502,0.0006502
108,457.789,0.41008,0.43356,0.25176,0.0012,0.2561,0.97526,0.97712,0.99201,0.9643,0.97526,0.97712,0.99201,0.87776,0.27113,0.33441,0.14198,0.00093,0,0.0006469,0.0006469,0.0006469
109,462.211,0.39723,0.41226,0.25158,0.00121,0.22377,0.99274,0.97077,0.99371,0.93102,0.99274,0.97077,0.99371,0.87178,0.36794,0.34186,0.15421,0.00131,0,0.0006436,0.0006436,0.0006436
110,466.239,0.38705,0.42377,0.25895,0.00107,0.25132,0.98517,0.97347,0.99395,0.94512,0.98517,0.97347,0.99395,0.88821,0.33499,0.34835,0.14851,0.00116,0,0.0006403,0.0006403,0.0006403
111,470.184,0.38575,0.42532,0.24288,0.00105,0.2392,0.99036,0.97792,0.99353,0.96758,0.99036,0.97792,0.99353,0.88252,0.26217,0.34248,0.12828,0.0009,0,0.000637,0.000637,0.000637
112,475.201,0.40111,0.42362,0.24198,0.00111,0.24109,0.98601,0.97803,0.99377,0.94091,0.98601,0.97803,0.99377,0.86583,0.34416,0.33248,0.15379,0.00119,0,0.0006337,0.0006337,0.0006337
113,479.254,0.41262,0.4114,0.24802,0.0013,0.20874,0.97737,0.98037,0.99336,0.92185,0.97737,0.98037,0.99336,0.89812,0.38701,0.33596,0.16339,0.00141,0,0.0006304,0.0006304,0.0006304
114,483.186,0.45065,0.4151,0.27033,0.00138,0.25781,0.98085,0.97951,0.99283,0.95631,0.98085,0.97951,0.99283,0.85845,0.30074,0.34412,0.14217,0.00105,0,0.0006271,0.0006271,0.0006271
115,487.196,0.43555,0.40147,0.25053,0.00129,0.21941,0.98601,0.9795,0.99305,0.94026,0.98601,0.9795,0.99305,0.86805,0.35677,0.34497,0.1522,0.00122,0,0.0006238,0.0006238,0.0006238
116,491.14,0.44555,0.42839,0.24722,0.0013,0.194,0.98408,0.97015,0.9926,0.9586,0.98408,0.97015,0.9926,0.88105,0.29884,0.34014,0.14756,0.00103,0,0.0006205,0.0006205,0.0006205
117,495.063,0.40396,0.40445,0.2435,0.00113,0.21797,0.95873,0.97958,0.99209,0.93976,0.95873,0.97958,0.99209,0.87084,0.35228,0.34107,0.16991,0.00127,0,0.0006172,0.0006172,0.0006172
118,498.998,0.37462,0.39673,0.23517,0.00112,0.20758,0.96738,0.97193,0.99259,0.96163,0.96738,0.97193,0.99259,0.8854,0.29627,0.33748,0.16068,0.00103,0,0.0006139,0.0006139,0.0006139
119,502.939,0.37954,0.4079,0.23707,0.00108,0.19171,0.9698,0.98189,0.99381,0.95969,0.9698,0.98189,0.99381,0.87983,0.29254,0.33737,0.14783,0.00104,0,0.0006106,0.0006106,0.0006106
120,506.9,0.37674,0.39838,0.24226,0.00114,0.194,0.97547,0.96836,0.99347,0.9604,0.97547,0.96836,0.99347,0.85618,0.30435,0.33978,0.14959,0.00108,0,0.0006073,0.0006073,0.0006073
121,511.345,0.3587,0.39818,0.22631,0.00109,0.21417,0.98245,0.96345,0.99325,0.95627,0.98245,0.96345,0.99325,0.87879,0.30272,0.34038,0.15718,0.00106,0,0.000604,0.000604,0.000604
122,515.273,0.35211,0.38866,0.24201,0.00097,0.24079,0.97902,0.97763,0.99362,0.96214,0.97902,0.97763,0.99362,0.85796,0.2933,0.33995,0.14575,0.001,0,0.0006007,0.0006007,0.0006007
123,519.203,0.36993,0.38246,0.21994,0.00108,0.18845,0.96717,0.97459,0.99232,0.95265,0.96717,0.97459,0.99232,0.87008,0.31951,0.34122,0.16506,0.00117,0,0.0005974,0.0005974,0.0005974
124,523.166,0.39479,0.42017,0.24411,0.00112,0.20395,0.97613,0.96755,0.99244,0.95464,0.97613,0.96755,0.99244,0.86969,0.30938,0.3454,0.16026,0.00108,0,0.0005941,0.0005941,0.0005941
125,527.093,0.38059,0.39649,0.22737,0.00108,0.21474,0.9848,0.97653,0.99294,0.96641,0.9848,0.97653,0.99294,0.87208,0.28261,0.34986,0.14382,0.00097,0,0.0005908,0.0005908,0.0005908
126,531.12,0.39905,0.39465,0.24735,0.00116,0.25462,0.98238,0.98028,0.9919,0.966,0.98238,0.98028,0.9919,0.86885,0.28356,0.34383,0.13983,0.00097,0,0.0005875,0.0005875,0.0005875
127,535.096,0.36884,0.40748,0.23706,0.00102,0.20724,0.98866,0.97075,0.99156,0.97519,0.98866,0.97075,0.99156,0.87344,0.24805,0.34217,0.13657,0.00085,0,0.0005842,0.0005842,0.0005842
128,539.05,0.35336,0.4177,0.23221,0.00103,0.20562,0.97925,0.97164,0.99066,0.96423,0.97925,0.97164,0.99066,0.86965,0.27918,0.33472,0.15439,0.00097,0,0.0005809,0.0005809,0.0005809
129,542.988,0.35867,0.38248,0.22301,0.00114,0.20812,0.98363,0.9729,0.99081,0.95858,0.98363,0.9729,0.99081,0.88202,0.28987,0.33569,0.14981,0.00103,0,0.0005776,0.0005776,0.0005776
130,546.917,0.38752,0.39124,0.22353,0.00113,0.21454,0.98182,0.97506,0.98875,0.93639,0.98182,0.97506,0.98875,0.88475,0.34461,0.32864,0.16574,0.00117,0,0.0005743,0.0005743,0.0005743
131,550.848,0.37026,0.39006,0.22955,0.00104,0.20505,0.96917,0.97467,0.98689,0.96697,0.96917,0.97467,0.98689,0.87303,0.26192,0.33407,0.16494,0.00088,0,0.000571,0.000571,0.000571
132,554.777,0.36241,0.37206,0.22094,0.001,0.19574,0.97428,0.96956,0.98793,0.96231,0.97428,0.96956,0.98793,0.86389,0.28721,0.33602,0.17062,0.00097,0,0.0005677,0.0005677,0.0005677
133,558.728,0.3638,0.39233,0.21815,0.00098,0.20818,0.97925,0.98107,0.99126,0.95454,0.97925,0.98107,0.99126,0.89524,0.30905,0.34773,0.16415,0.00106,0,0.0005644,0.0005644,0.0005644
134,562.703,0.35907,0.40436,0.22114,0.00095,0.23033,0.98038,0.97422,0.99107,0.9719,0.98038,0.97422,0.99107,0.86757,0.2446,0.34141,0.1472,0.00083,0,0.0005611,0.0005611,0.0005611
135,566.634,0.36217,0.39023,0.22412,0.00108,0.20877,0.9757,0.98516,0.99145,0.96394,0.9757,0.98516,0.99145,0.87815,0.2736,0.34048,0.1456,0.00093,0,0.0005578,0.0005578,0.0005578
136,570.559,0.35702,0.41786,0.226,0.001,0.25878,0.98918,0.98257,0.99276,0.97396,0.98918,0.98257,0.99276,0.87225,0.24811,0.33367,0.12619,0.00083,0,0.0005545,0.0005545,0.0005545
137,574.496,0.36395,0.42885,0.23262,0.00093,0.2235,0.98279,0.98128,0.99366,0.97918,0.98279,0.98128,0.99366,0.88557,0.2496,0.34194,0.12609,0.00084,0,0.0005512,0.0005512,0.0005512
138,578.853,0.35148,0.3984,0.22813,0.00101,0.22461,0.98695,0.98175,0.99372,0.97236,0.98695,0.98175,0.99372,0.86441,0.26638,0.33197,0.12285,0.00093,0,0.0005479,0.0005479,0.0005479
139,583.286,0.36001,0.40894,0.21368,0.00101,0.22879,0.99481,0.97911,0.99427,0.97402,0.99481,0.97911,0.99427,0.87186,0.25715,0.3313,0.11868,0.00086,0,0.0005446,0.0005446,0.0005446
140,587.317,0.37367,0.41638,0.21751,0.00103,0.19288,0.99057,0.97277,0.99428,0.96112,0.99057,0.97277,0.99428,0.88678,0.29399,0.33188,0.13,0.00099,0,0.0005413,0.0005413,0.0005413
141,591.341,0.34889,0.40061,0.21796,0.00094,0.23339,0.98218,0.97628,0.99395,0.97306,0.98218,0.97628,0.99395,0.87885,0.2554,0.33347,0.12744,0.00086,0,0.000538,0.000538,0.000538
142,595.304,0.32665,0.37894,0.21137,0.00094,0.18792,0.99433,0.97246,0.99411,0.97116,0.99433,0.97246,0.99411,0.87008,0.27321,0.3309,0.12754,0.00093,0,0.0005347,0.0005347,0.0005347
143,599.267,0.34843,0.39751,0.21842,0.00097,0.21659,0.98887,0.98466,0.99446,0.97416,0.98887,0.98466,0.99446,0.88561,0.25635,0.33489,0.11912,0.00086,0,0.0005314,0.0005314,0.0005314
144,603.22,0.35668,0.40228,0.2207,0.00093,0.22105,0.9838,0.98104,0.9934,0.96914,0.9838,0.98104,0.9934,0.87087,0.28282,0.34273,0.13006,0.00095,0,0.0005281,0.0005281,0.0005281
145,607.398,0.37021,0.41029,0.22689,0.00105,0.26655,0.97398,0.98049,0.99289,0.96341,0.97398,0.98049,0.99289,0.86968,0.27837,0.35157,0.14008,0.00099,0,0.0005248,0.0005248,0.0005248
146,611.539,0.35175,0.40719,0.21348,0.00093,0.23411,0.96823,0.97247,0.99312,0.96876,0.96823,0.97247,0.99312,0.87758,0.27777,0.35486,0.14398,0.00099,0,0.0005215,0.0005215,0.0005215
147,615.49,0.35607,0.39171,0.22535,0.00108,0.20734,0.97305,0.97936,0.99224,0.96892,0.97305,0.97936,0.99224,0.87757,0.27492,0.35116,0.14022,0.00093,0,0.0005182,0.0005182,0.0005182
148,619.446,0.39508,0.38847,0.25139,0.00124,0.22076,0.98269,0.96561,0.99075,0.96963,0.98269,0.96561,0.99075,0.86057,0.2747,0.3476,0.14557,0.00094,0,0.0005149,0.0005149,0.0005149
149,623.426,0.35448,0.39203,0.20316,0.00098,0.21377,0.97611,0.98596,0.99098,0.95618,0.97611,0.98596,0.99098,0.89073,0.30639,0.34974,0.14989,0.0011,0,0.0005116,0.0005116,0.0005116
150,627.381,0.3335,0.39898,0.20224,0.00093,0.20168,0.98389,0.98112,0.99182,0.97344,0.98389,0.98112,0.99182,0.87005,0.247,0.34752,0.13059,0.00086,0,0.0005083,0.0005083,0.0005083
151,631.437,0.34955,0.40458,0.22543,0.00101,0.19984,0.98468,0.98017,0.9933,0.96821,0.98468,0.98017,0.9933,0.87655,0.27286,0.34228,0.13536,0.00096,0,0.000505,0.000505,0.000505
152,635.426,0.36456,0.41703,0.21839,0.00097,0.19259,0.98007,0.9856,0.99341,0.97211,0.98007,0.9856,0.99341,0.87154,0.26016,0.33316,0.13045,0.00087,0,0.0005017,0.0005017,0.0005017
153,639.351,0.34803,0.38136,0.21673,0.001,0.20804,0.97021,0.98538,0.9932,0.96415,0.97021,0.98538,0.9932,0.8748,0.29078,0.33135,0.14369,0.00103,0,0.0004984,0.0004984,0.0004984
154,643.292,0.33294,0.38528,0.20771,0.00098,0.21152,0.97114,0.98241,0.99323,0.97152,0.97114,0.98241,0.99323,0.86951,0.26518,0.33478,0.13457,0.00091,0,0.0004951,0.0004951,0.0004951
155,647.223,0.35018,0.40932,0.22272,0.00092,0.1907,0.9802,0.98618,0.99411,0.97521,0.9802,0.98618,0.99411,0.88144,0.24832,0.34115,0.12053,0.00084,0,0.0004918,0.0004918,0.0004918
156,651.22,0.34578,0.40242,0.20911,0.001,0.19533,0.98002,0.98784,0.99425,0.97258,0.98002,0.98784,0.99425,0.8644,0.28139,0.33528,0.12769,0.00098,0,0.0004885,0.0004885,0.0004885
157,655.626,0.33794,0.37986,0.20818,0.00098,0.23749,0.98939,0.98958,0.99447,0.9772,0.98939,0.98958,0.99447,0.88287,0.25172,0.32977,0.11693,0.00088,0,0.0004852,0.0004852,0.0004852
158,659.592,0.34762,0.3992,0.21933,0.00098,0.23315,0.97903,0.98837,0.99402,0.97155,0.97903,0.98837,0.99402,0.87857,0.26638,0.32934,0.12864,0.00091,0,0.0004819,0.0004819,0.0004819
159,663.515,0.3656,0.40136,0.23002,0.00101,0.20554,0.98354,0.98253,0.99374,0.979,0.98354,0.98253,0.99374,0.87486,0.23765,0.3372,0.1213,0.0008,0,0.0004786,0.0004786,0.0004786
160,667.578,0.35359,0.37834,0.21827,0.001,0.21444,0.99026,0.97712,0.99345,0.97492,0.99026,0.97712,0.99345,0.87302,0.25727,0.32399,0.1266,0.00085,0,0.0004753,0.0004753,0.0004753
161,671.529,0.34528,0.36292,0.20988,0.00096,0.18002,0.98242,0.98435,0.99367,0.97079,0.98242,0.98435,0.99367,0.86787,0.27048,0.32318,0.12966,0.00091,0,0.000472,0.000472,0.000472
162,675.488,0.37805,0.38398,0.21969,0.00109,0.18544,0.98228,0.98257,0.99143,0.96035,0.98228,0.98257,0.99143,0.88429,0.30021,0.32644,0.14162,0.001,0,0.0004687,0.0004687,0.0004687
163,679.64,0.3601,0.36153,0.22184,0.00106,0.22178,0.97889,0.97928,0.99179,0.9738,0.97889,0.97928,0.99179,0.86627,0.25359,0.32621,0.13073,0.00084,0,0.0004654,0.0004654,0.0004654
164,683.608,0.33644,0.37537,0.19732,0.00099,0.17098,0.98441,0.98245,0.99248,0.96256,0.98441,0.98245,0.99248,0.87673,0.27594,0.32643,0.12697,0.00096,0,0.0004621,0.0004621,0.0004621
165,687.57,0.34126,0.38403,0.21259,0.00092,0.21499,0.98834,0.97372,0.99096,0.97141,0.98834,0.97372,0.99096,0.87998,0.26331,0.32008,0.13924,0.00087,0,0.0004588,0.0004588,0.0004588
166,691.495,0.33819,0.37117,0.20074,0.00104,0.20601,0.97693,0.97118,0.99047,0.9734,0.97693,0.97118,0.99047,0.88054,0.24892,0.32079,0.14421,0.00084,0,0.0004555,0.0004555,0.0004555
167,695.441,0.39006,0.3753,0.21874,0.00116,0.1993,0.96556,0.98359,0.99327,0.93803,0.96556,0.98359,0.99327,0.85921,0.36134,0.3274,0.16459,0.0012,0,0.0004522,0.0004522,0.0004522
168,699.47,0.37112,0.37872,0.21086,0.0011,0.13003,0.97757,0.98847,0.99408,0.96797,0.97757,0.98847,0.99408,0.86699,0.28869,0.32503,0.12975,0.00102,0,0.0004489,0.0004489,0.0004489
169,703.4,0.38256,0.38292,0.21867,0.00107,0.19701,0.99214,0.98517,0.99432,0.9577,0.99214,0.98517,0.99432,0.89117,0.3158,0.32291,0.13202,0.00104,0,0.0004456,0.0004456,0.0004456
170,707.355,0.36152,0.36452,0.20795,0.00104,0.17563,0.99275,0.98248,0.99457,0.97112,0.99275,0.98248,0.99457,0.88504,0.27835,0.32241,0.12647,0.00095,0,0.0004423,0.0004423,0.0004423
171,711.302,0.37629,0.38699,0.22826,0.00098,0.20913,0.99328,0.98384,0.99467,0.97088,0.99328,0.98384,0.99467,0.87729,0.27441,0.32391,0.12358,0.00088,0,0.000439,0.000439,0.000439
172,715.267,0.3389,0.37171,0.21302,0.00093,0.2024,0.98881,0.98378,0.99405,0.97386,0.98881,0.98378,0.99405,0.87241,0.25853,0.32021,0.12695,0.00088,0,0.0004357,0.0004357,0.0004357
173,719.191,0.35315,0.3766,0.20141,0.00099,0.16317,0.97853,0.98478,0.99297,0.97422,0.97853,0.98478,0.99297,0.87678,0.26526,0.32149,0.13279,0.00095,0,0.0004324,0.0004324,0.0004324
174,723.242,0.33547,0.37448,0.2185,0.00096,0.19519,0.98941,0.97823,0.99436,0.97131,0.98941,0.97823,0.99436,0.88358,0.27674,0.3177,0.13554,0.00094,0,0.0004291,0.0004291,0.0004291
175,727.655,0.32402,0.39494,0.206,0.00088,0.17735,0.99185,0.97991,0.99422,0.97704,0.99185,0.97991,0.99422,0.8736,0.23858,0.31705,0.11903,0.00081,0,0.0004258,0.0004258,0.0004258
176,731.699,0.34818,0.36979,0.2086,0.00102,0.21003,0.99201,0.98321,0.99375,0.96779,0.99201,0.98321,0.99375,0.89416,0.28042,0.31985,0.13064,0.001,0,0.0004225,0.0004225,0.0004225
177,735.66,0.34248,0.36983,0.21228,0.00098,0.21422,0.98419,0.98346,0.99212,0.95765,0.98419,0.98346,0.99212,0.88871,0.30761,0.337,0.14555,0.00107,0,0.0004192,0.0004192,0.0004192
178,739.626,0.32941,0.38821,0.19647,0.00087,0.20195,0.99096,0.98287,0.99269,0.97593,0.99096,0.98287,0.99269,0.87224,0.24468,0.33501,0.12061,0.00082,0,0.0004159,0.0004159,0.0004159
179,743.59,0.33825,0.3742,0.19482,0.00094,0.18025,0.99,0.98253,0.99295,0.97066,0.99,0.98253,0.99295,0.88422,0.27507,0.3263,0.13109,0.00097,0,0.0004126,0.0004126,0.0004126
180,747.529,0.34175,0.36721,0.21136,0.00092,0.21504,0.98674,0.97584,0.99243,0.95421,0.98674,0.97584,0.99243,0.88653,0.31186,0.32686,0.14202,0.00106,0,0.0004093,0.0004093,0.0004093
181,751.454,0.37578,0.39051,0.21944,0.00097,0.21508,0.98605,0.9824,0.99218,0.97512,0.98605,0.9824,0.99218,0.87368,0.23968,0.32738,0.12968,0.0008,0,0.000406,0.000406,0.000406
182,755.448,0.34316,0.37813,0.19715,0.00092,0.17934,0.9834,0.9842,0.99296,0.96968,0.9834,0.9842,0.99296,0.88916,0.28451,0.32623,0.13547,0.00098,0,0.0004027,0.0004027,0.0004027
183,759.376,0.34177,0.369,0.19501,0.00087,0.18046,0.97502,0.98972,0.99255,0.97107,0.97502,0.98972,0.99255,0.87958,0.25991,0.32909,0.13012,0.00086,0,0.0003994,0.0003994,0.0003994
184,763.415,0.32213,0.35487,0.19123,0.00091,0.18259,0.98058,0.98856,0.99257,0.97342,0.98058,0.98856,0.99257,0.86671,0.25793,0.32861,0.12768,0.00085,0,0.0003961,0.0003961,0.0003961
185,767.519,0.3086,0.3566,0.1865,0.00084,0.17937,0.98069,0.98308,0.99226,0.97288,0.98069,0.98308,0.99226,0.88248,0.25636,0.3223,0.12715,0.00087,0,0.0003928,0.0003928,0.0003928
186,771.461,0.3142,0.36826,0.18386,0.00083,0.17278,0.98059,0.98705,0.99216,0.97763,0.98059,0.98705,0.99216,0.87775,0.25283,0.3216,0.12924,0.00086,0,0.0003895,0.0003895,0.0003895
187,775.407,0.31409,0.3842,0.19671,0.00086,0.17716,0.97543,0.99054,0.9922,0.9765,0.97543,0.99054,0.9922,0.8832,0.24285,0.32308,0.12615,0.00082,0,0.0003862,0.0003862,0.0003862
